nuclide,half_life,energy_keV,intensity_percent,icc_T
Be-7,53.22 (6) d,477.6035,10.44,7.3 (11) 10−7
C-11,20.361 (23) min,511.0,199.5,<NA>
N-13,9.9670 (37) min,511.0,199.636,<NA>
O-15,2.041 (6) min,511.0,199.77,<NA>
F-18,1.8288 (3) h,511.0,193.72,<NA>
Na-22,2.6029 (8) a,511.0,180.7,<NA>
Na-22,2.6029 (8) a,1274.537,99.94,6.71 (9) 10−6
Na-24,14.9574 (20) h,1368.626,99.9935,1.04 10−5
Na-24,14.9574 (20) h,2754.007,99.872,2.8 10−6
Al-26,717 (24) 103 a,511.0,163.5,<NA>
Al-26,717 (24) 103 a,1129.67,2.5,1.25 10−5
Al-26,717 (24) 103 a,1808.65,99.76,6.33 10−6
K-40,1.2504 (30) 109 a,1460.822,10.55,1.028 (15) 10−4
Ar-41,109.611 (38) min,1293.64,99.157,7.44 (11) 10−5
Sc-44,3.97 (4) h,511.0,188.0,<NA>
Sc-44,3.97 (4) h,1157.02,99.875,6.48 (19) 10−5
Ti-44,60.0 (11) a,67.8679,93.0,8.45 (25) 10−2
Ti-44,60.0 (11) a,78.36,96.4,3.2 (1) 10−2
Sc-46,83.788 (22) d,889.271,99.9833,1.67 (5) 10−4
Sc-46,83.788 (22) d,1120.537,99.986,9.5 (3) 10−5
Ca-47,4.536 (3) d,489.23,6.9,<NA>
Ca-47,4.536 (3) d,807.86,6.8,<NA>
Ca-47,4.536 (3) d,1297.09,75.0,<NA>
Sc-47,3.3492 (6) d,159.381,68.3,4.5 (3) 10−3
Cr-51,27.703 (3) d,320.0824,9.87,1.69 (5) 10−3
Fe-52,8.275 (8) h,168.688,99.2,8.0 (1) 10−3
Fe-52,8.275 (8) h,511.0,112.0,<NA>
Mn-52,5.591 (3) d,346.03,1.01,<NA>
Mn-52,5.591 (3) d,511.0,58.8,<NA>
Mn-52,5.591 (3) d,744.214,90.34,3.4 (3) 10−4
Mn-52,5.591 (3) d,848.13,3.35,<NA>
Mn-52,5.591 (3) d,935.52,94.9,1.8 (2) 10−4
Mn-52,5.591 (3) d,1246.25,4.23,<NA>
Mn-52,5.591 (3) d,1333.615,5.07,<NA>
Mn-52,5.591 (3) d,1434.05,99.987,6.9 (7) 10−5
Mn-52m,21.1 (2) min,377.738,1.68,<NA>
Mn-52m,21.1 (2) min,511.0,193.0,<NA>
Mn-52m,21.1 (2) min,1434.05,98.2,<NA>
Mn-54,312.13 (3) d,834.838,99.9746,2.51 (11) 10−4
Co-56,77.236 (26) d,511.0,39.21,<NA>
Co-56,77.236 (26) d,846.7638,99.9399,3.03 (9) 10−4
Co-56,77.236 (26) d,977.363,1.422,<NA>
Co-56,77.236 (26) d,1037.8333,14.03,<NA>
Co-56,77.236 (26) d,1175.0878,2.249,<NA>
Co-56,77.236 (26) d,1238.2736,66.41,<NA>
Co-56,77.236 (26) d,1360.196,4.28,<NA>
Co-56,77.236 (26) d,1771.327,15.45,<NA>
Co-56,77.236 (26) d,2015.176,3.017,<NA>
Co-56,77.236 (26) d,2034.752,7.741,<NA>
Co-56,77.236 (26) d,2598.438,16.96,<NA>
Co-56,77.236 (26) d,3009.559,1.038,<NA>
Co-56,77.236 (26) d,3201.93,3.203,<NA>
Co-56,77.236 (26) d,3253.402,7.87,<NA>
Co-56,77.236 (26) d,3272.978,1.855,<NA>
Mn-56,2.57878 (46) h,846.7638,98.85,3.00 (9) 10−4
Mn-56,2.57878 (46) h,1810.726,26.9,5.10 (15) 10−5
Mn-56,2.57878 (46) h,2113.092,14.2,<NA>
Mn-56,2.57878 (46) h,2523.06,1.02,<NA>
Co-57,271.80 (5) d,14.41295,9.15,8.58 (18)
Co-57,271.80 (5) d,122.06065,85.51,2.36 (5) 10−2
Co-57,271.80 (5) d,136.47356,10.71,0.148 (3)
Ni-57,35.9 (3) h,127.164,16.0,2.15 (6) 10−2
Ni-57,35.9 (3) h,511.0,86.8,<NA>
Ni-57,35.9 (3) h,1377.62,81.2,1.05 (3) 10−4
Ni-57,35.9 (3) h,1757.55,6.1,<NA>
Ni-57,35.9 (3) h,1919.62,12.5,<NA>
Co-58,70.83 (10) d,511.0,30.0,<NA>
Co-58,70.83 (10) d,810.759,99.45,3.4 (1) 10−4
Fe-59,44.495 (8) d,192.349,2.918,8.99 (15) 10−3
Fe-59,44.495 (8) d,1099.245,56.59,1.75 (5) 10−4
Fe-59,44.495 (8) d,1291.59,43.21,1.22 (4) 10−4
Co-60,5.2711 (8) a,1173.228,99.85,1.68 (4) 10−4
Co-60,5.2711 (8) a,1332.492,99.9826,1.28 (5) 10−4
Cu-64,12.7004 (20) h,511.0,35.04,<NA>
Zn-65,244.01 (9) d,511.0,2.842,<NA>
Zn-65,244.01 (9) d,1115.539,50.22,1.84 (7) 10−4
Ga-66,9.49 (7) h,511.0,112.0,<NA>
Ga-66,9.49 (7) h,833.5324,5.9,<NA>
Ga-66,9.49 (7) h,1039.22,37.0,<NA>
Ga-66,9.49 (7) h,1333.112,1.17,<NA>
Ga-66,9.49 (7) h,1918.329,1.99,<NA>
Ga-66,9.49 (7) h,2189.616,5.3,<NA>
Ga-66,9.49 (7) h,2422.525,1.88,<NA>
Ga-66,9.49 (7) h,2751.835,22.7,<NA>
Ga-66,9.49 (7) h,3228.8,1.51,<NA>
Ga-66,9.49 (7) h,3380.85,1.46,<NA>
Ga-66,9.49 (7) h,3791.004,1.09,<NA>
Ga-66,9.49 (7) h,4085.853,1.27,<NA>
Ga-66,9.49 (7) h,4295.187,3.8,<NA>
Ga-66,9.49 (7) h,4806.007,1.86,<NA>
Ga-67,3.2613 (5) d,91.263,3.09,9.1 (6) 10−2
Ga-67,3.2613 (5) d,93.307,38.1,0.854 (12)
Ga-67,3.2613 (5) d,184.577,20.96,1.69 (21) 10−2
Ga-67,3.2613 (5) d,208.939,2.37,9.01 (14) 10−3
Ga-67,3.2613 (5) d,300.232,16.6,3.88 (6) 10−3
Ga-67,3.2613 (5) d,393.528,4.59,1.93 (3) 10−3
Ga-68,67.83 (20) min,511.0,179.8,<NA>
Ga-68,67.83 (20) min,1077.34,3.235,2.47 (4) 10−4
Se-75,119.781 (24) d,66.0518,1.053,0.33 (3)
Se-75,119.781 (24) d,96.734,3.35,0.893 (13)
Se-75,119.781 (24) d,121.1155,16.86,4.17 (6) 10−2
Se-75,119.781 (24) d,136.0001,57.7,2.95 (5) 10−2
Se-75,119.781 (24) d,198.606,1.46,1.89 (11) 10−2
Se-75,119.781 (24) d,264.6576,58.75,7.2 (3) 10−3
Se-75,119.781 (24) d,279.5422,24.89,9.1 (4) 10−3
Se-75,119.781 (24) d,303.9236,1.308,5.38 (8) 10−2
Se-75,119.781 (24) d,400.6572,11.388,1.346 (19) 10−3
Kr-85,10.752 (23) a,514.0048,0.435,7.21 (22) 10−3
Sr-85,64.850 (7) d,514.0048,98.5,7.21 (22) 10−3
Rb-86,18.642 (18) d,1076.78,8.71,4.9 10−4
Rb-88,17.773 (11) min,898.036,14.68,3.2 (2) 10−4
Rb-88,17.773 (11) min,1836.052,22.73,<NA>
Rb-88,17.773 (11) min,2677.86,2.123,<NA>
Y-88,106.626 (21) d,898.036,93.9,3.15 (23) 10−4
Y-88,106.626 (21) d,1836.052,99.32,1.52 (15) 10−4
Y-90m,3.19 (6) h,202.53,97.1,2.72 (8) 10−2
Y-90m,3.19 (6) h,479.51,90.97,9.57 (29) 10−2
Sr-92,2.66 (4) h,241.52,3.0,<NA>
Sr-92,2.66 (4) h,430.56,3.3,<NA>
Sr-92,2.66 (4) h,953.32,3.5,<NA>
Sr-92,2.66 (4) h,1142.3,2.8,<NA>
Sr-92,2.66 (4) h,1384.94,90.0,<NA>
Y-92,3.54 (2) h,448.5,2.28,5.90 (15) 10−3
Y-92,3.54 (2) h,561.1,2.39,3.3 (1) 10−3
Y-92,3.54 (2) h,844.3,1.25,<NA>
Y-92,3.54 (2) h,934.5,13.9,7.8 (2) 10−4
Y-92,3.54 (2) h,1405.4,4.8,1.6 (1) 10−4
Nb-95,34.991 (6) d,765.803,99.808,1.47 (4) 10−3
Nb-95m,3.61 (3) d,204.117,2.28,5.15 (22) 10−2
Nb-95m,3.61 (3) d,235.69,25.1,2.88 (9)
Zr-95,64.032 (6) d,724.193,44.27,1.57 (5) 10−3
Zr-95,64.032 (6) d,756.729,54.38,1.42 (4) 10−3
Mo-99,2.7479 (6) d,40.58323,1.022,4.18 (13)
Mo-99,2.7479 (6) d,140.511,89.6,0.119 (3)
Mo-99,2.7479 (6) d,181.068,6.01,0.149 (3)
Mo-99,2.7479 (6) d,366.421,1.194,9.15 (18) 10−3
Mo-99,2.7479 (6) d,739.5,12.12,1.73 (4) 10−3
Mo-99,2.7479 (6) d,777.921,4.28,5.89 (12) 10−4
Tc-99m,6.0067 (10) h,140.511,88.5,0.119 (3)
Rh-106,30.1 (3) s,511.8534,20.52,5.59 (8) 10−3
Rh-106,30.1 (3) s,621.9,9.87,3.24 (5) 10−3
Rh-106,30.1 (3) s,1050.39,1.49,1.007 (15) 10−3
Ag-108,2.382 (11) min,632.98,1.62,3.47 (10) 10−3
Ag-108m,438 (9) a,79.131,6.9,0.310 (9)
Ag-108m,438 (9) a,433.938,90.1,9.09 (27) 10−3
Ag-108m,438 (9) a,614.276,90.5,3.35 (10) 10−3
Ag-108m,438 (9) a,722.907,90.8,2.19 (7) 10−3
Cd-109,461.4 (12) d,88.0336,3.628,26.58 (20)
Pd-109,13.58 (12) h,88.0336,3.66,26.58(20)
Ag-110,24.56 (11) s,657.76,4.6,3.18 (9) 10−3
Ag-110m,249.78 (2) d,446.812,3.65,8.9 (3) 10−3
Ag-110m,249.78 (2) d,620.3553,2.72,3.97 (12) 10−3
Ag-110m,249.78 (2) d,657.76,94.38,3.18 (9) 10−3
Ag-110m,249.78 (2) d,677.6217,10.56,3.24 (10) 10−3
Ag-110m,249.78 (2) d,687.0091,6.45,2.92 (9) 10−3
Ag-110m,249.78 (2) d,706.676,16.48,2.75 (8) 10−3
Ag-110m,249.78 (2) d,744.2755,4.71,2.32 (7) 10−3
Ag-110m,249.78 (2) d,763.9424,22.31,2.30 (9) 10−3
Ag-110m,249.78 (2) d,818.0244,7.33,1.94 (6) 10−3
Ag-110m,249.78 (2) d,884.6781,74.0,1.52 (5) 10−3
Ag-110m,249.78 (2) d,937.485,34.51,1.33 (4) 10−3
Ag-110m,249.78 (2) d,1384.2931,24.7,6.5 (2) 10−4
Ag-110m,249.78 (2) d,1475.7792,4.03,5.1 (2) 10−4
Ag-110m,249.78 (2) d,1505.028,13.16,4.5 (1) 10−4
Ag-110m,249.78 (2) d,1562.294,1.21,<NA>
In-111,2.8049 (4) d,171.28,90.61,0.1036 (24)
In-111,2.8049 (4) d,245.35,94.12,6.25 (7) 10−2
In-113m,1.658 (5) h,391.698,64.85,0.542 (6)
Sn-113,115.09 (3) d,255.134,2.095,4.6 (6) 10−2
Sn-113,115.09 (3) d,391.698,64.85,0.542 (6)
I-123,13.2234 (37) h,158.97,83.31,0.1918 (19)
I-123,13.2234 (37) h,528.96,1.25,<NA>
Te-123m,119.3 (1) d,158.97,83.99,0.1918 (19)
Sb-124,60.208 (11) d,602.726,97.775,4.90 (7) 10−3
Sb-124,60.208 (11) d,645.852,7.422,4.09 (6) 10−3
Sb-124,60.208 (11) d,709.33,1.363,4.02 (6) 10−3
Sb-124,60.208 (11) d,713.776,2.273,3.6 (4) 10−3
Sb-124,60.208 (11) d,722.782,10.708,3.14 (5) 10−3
Sb-124,60.208 (11) d,968.195,1.887,6.53 (11) 10−4
Sb-124,60.208 (11) d,1045.125,1.852,5.67 (10) 10−4
Sb-124,60.208 (11) d,1325.504,1.587,8.27 (12) 10−4
Sb-124,60.208 (11) d,1355.2,1.0412,1.1 (5) 10−3
Sb-124,60.208 (11) d,1368.157,2.62,4.78 (7) 10−4
Sb-124,60.208 (11) d,1436.554,1.234,7.8 (5) 10−4
Sb-124,60.208 (11) d,1690.971,47.46,6.15 (9) 10−4
Sb-124,60.208 (11) d,2090.93,5.493,8.38 (12) 10−4
I-125,59.388 (28) d,35.4925,6.63,14.08(22)
Sb-126,12.35 (6) d,223.3,1.4,<NA>
Sb-126,12.35 (6) d,278.6,2.2,<NA>
Sb-126,12.35 (6) d,296.6,4.9,3.56 (4) 10−2
Sb-126,12.35 (6) d,414.4,83.6,1.408 (20) 10−2
Sb-126,12.35 (6) d,414.9,1.0,<NA>
Sb-126,12.35 (6) d,555.0,1.8,<NA>
Sb-126,12.35 (6) d,573.8,6.7,<NA>
Sb-126,12.35 (6) d,593.0,7.5,<NA>
Sb-126,12.35 (6) d,656.3,2.2,<NA>
Sb-126,12.35 (6) d,666.1,99.68,3.2 (1) 10−3
Sb-126,12.35 (6) d,675.0,3.7,<NA>
Sb-126,12.35 (6) d,695.0,99.68,3.2 (1) 10−3
Sb-126,12.35 (6) d,697.0,32.0,<NA>
Sb-126,12.35 (6) d,720.3,53.8,<NA>
Sb-126,12.35 (6) d,856.7,17.5,8.32 (12) 10−4
Sb-126,12.35 (6) d,954.0,1.5,<NA>
Sb-126,12.35 (6) d,989.3,6.8,<NA>
Sb-126,12.35 (6) d,1034.9,1.0,<NA>
Sb-126,12.35 (6) d,1213.0,2.3,<NA>
Sn-126,2.38 (6) 105 a,21.65,1.26,2.09 (3)
Sn-126,2.38 (6) 105 a,23.28,6.4,6.07 (9)
Sn-126,2.38 (6) 105 a,64.28,9.6,0.651 (10)
Sn-126,2.38 (6) 105 a,86.94,8.9,2.71 (4)
Sn-126,2.38 (6) 105 a,87.57,37.0,0.274 (4)
Sb-127,3.85 (7) d,61.16,1.14,4.2 (3)
Sb-127,3.85 (7) d,252.64,8.28,6.52 (17) 10−2
Sb-127,3.85 (7) d,290.5,1.84,3.79 (6) 10−2
Sb-127,3.85 (7) d,412.1,3.43,1.431 (20) 10−2
Sb-127,3.85 (7) d,445.3,4.18,1.20 (4) 10−2
Sb-127,3.85 (7) d,473.26,24.8,1.072 (16) 10−2
Sb-127,3.85 (7) d,543.2,2.62,6.48 (9) 10−3
Sb-127,3.85 (7) d,603.9,4.21,5.92 (9) 10−3
Sb-127,3.85 (7) d,685.09,35.4,3.52 (5) 10−3
Sb-127,3.85 (7) d,697.9,3.36,3.36 (5) 10−3
Sb-127,3.85 (7) d,721.5,1.77,3.09 (5) 10−3
Sb-127,3.85 (7) d,782.6,14.7,3.19 (5) 10−3
Xe-127,36.375 (20) d,57.608,1.274,3.72 (6)
Xe-127,36.375 (20) d,145.252,4.23,0.471 (7)
Xe-127,36.375 (20) d,172.132,25.53,0.1650 (24)
Xe-127,36.375 (20) d,202.86,68.45,0.1131 (18)
Xe-127,36.375 (20) d,374.991,17.26,1.99 (3) 10−2
I-129,16.1 (7) 106 a,39.578,7.42,12.41 (13)
I-131,8.0233 (19) d,80.185,2.607,1.579 (47)
I-131,8.0233 (19) d,284.305,6.06,5.00 (15) 10−2
I-131,8.0233 (19) d,364.489,81.2,2.29 (7) 10−2
I-131,8.0233 (19) d,636.989,7.26,4.74 (14) 10−3
I-131,8.0233 (19) d,722.911,1.796,4.61 (14) 10−3
Xe-131m,11.930 (16) d,163.93,1.98,49.6 (15)
Te-132,3.230 (13) d,49.72,15.1,5.62 (8)
Te-132,3.230 (13) d,111.81,1.85,0.71 (3)
Te-132,3.230 (13) d,116.34,1.97,0.606 (20)
Te-132,3.230 (13) d,228.327,88.12,9.90 (14) 10−2
Ba-133,10.540 (6) a,53.1622,2.14,6.02 (18)
Ba-133,10.540 (6) a,79.6142,2.65,1.77 (4)
Ba-133,10.540 (6) a,80.9979,32.9,1.74 (4)
Ba-133,10.540 (6) a,276.3989,7.16,5.69 (12) 10−2
Ba-133,10.540 (6) a,302.8508,18.34,4.43 (9) 10−2
Ba-133,10.540 (6) a,356.0129,62.05,2.56 (5) 10−2
Ba-133,10.540 (6) a,383.8485,8.94,2.03 (4) 10−2
I-133,20.87 (8) h,510.53,1.81,<NA>
I-133,20.87 (8) h,529.8709,86.3,8.10 (14) 10−3
I-133,20.87 (8) h,706.575,1.49,4.2 (6) 10−3
I-133,20.87 (8) h,856.278,1.23,2.35 (3) 10−3
I-133,20.87 (8) h,875.328,4.47,2.18 (3) 10−3
I-133,20.87 (8) h,1236.443,1.49,<NA>
I-133,20.87 (8) h,1298.227,2.33,9.72 (14) 10−4
Xe-133,5.2474 (5) d,80.9979,37.0,1.698 (24)
Xe-133m,2.198 (13) d,233.219,10.16,8.84 (13)
Cs-134,2.0644 (14) a,475.365,1.479,1.14 (5) 10−2
Cs-134,2.0644 (14) a,563.246,8.342,7.14 (10) 10−3
Cs-134,2.0644 (14) a,569.33,15.368,9.36 (14) 10−3
Cs-134,2.0644 (14) a,604.72,97.63,5.93 (9) 10−3
Cs-134,2.0644 (14) a,795.86,85.47,3.02 (5) 10−3
Cs-134,2.0644 (14) a,801.95,8.694,2.97 (5) 10−3
Cs-134,2.0644 (14) a,1167.967,1.791,1.307 (19) 10−3
Cs-134,2.0644 (14) a,1365.194,3.019,9.87 (14) 10−4
Xe-135m,15.30 (3) min,526.57,80.84,0.237 (3)
Cs-137,30.05 (8) a,661.657,84.99,0.1102 (19)
Ce-139,137.641 (20) d,165.8575,79.9,0.2516 (7)
Ba-140,12.753 (4) d,13.849,1.15,56.6 (11)
Ba-140,12.753 (4) d,29.9656,14.32,5.55 (11)
Ba-140,12.753 (4) d,162.6628,6.26,0.282 (6)
Ba-140,12.753 (4) d,304.872,4.3,5.19 (10) 10−2
Ba-140,12.753 (4) d,423.721,3.11,2.22 (4) 10−2
Ba-140,12.753 (4) d,437.569,1.927,2.05 (4) 10−2
Ba-140,12.753 (4) d,537.303,24.39,1.22 (2) 10−2
La-140,1.67850 (17) d,328.761,20.8,4.64 (14) 10−2
La-140,1.67850 (17) d,432.513,2.995,2.14 (7) 10−2
La-140,1.67850 (17) d,487.022,46.1,1.17 (4) 10−2
La-140,1.67850 (17) d,751.653,4.392,5.64 (17) 10−3
La-140,1.67850 (17) d,815.781,23.72,4.82 (14) 10−3
La-140,1.67850 (17) d,867.839,5.58,1.14 (4) 10−3
La-140,1.67850 (17) d,919.533,2.73,2.590 (9) 10−2
La-140,1.67850 (17) d,925.198,7.04,3.57 (11) 10−3
La-140,1.67850 (17) d,1596.203,95.4,7.9 (2) 10−4
La-140,1.67850 (17) d,2521.39,3.412,3.37 (10) 10−4
Ce-141,32.503 (11) d,145.4433,48.29,0.449 (7)
Ce-144,284.91 (5) d,80.12,1.36,2.50 (3)
Ce-144,284.91 (5) d,133.515,11.1,0.580 (6)
Pr-144,17.29 (3) min,696.51,1.34,5 10−4
Nd-147,10.987 (11) d,91.105,28.4,2.03 (3)
Nd-147,10.987 (11) d,319.411,1.991,6.07 (9) 10−2
Nd-147,10.987 (11) d,439.895,1.203,2.48 (4) 10−2
Nd-147,10.987 (11) d,531.016,12.7,1.61 (3) 10−2
Eu-152,13.522 (16) a,121.7817,28.41,1.165 (35)
Eu-152,13.522 (16) a,244.6974,7.55,0.1080 (32)
Eu-152,13.522 (16) a,344.2785,26.59,3.99 (12) 10−2
Eu-152,13.522 (16) a,411.1165,2.238,2.39 (7) 10−2
Eu-152,13.522 (16) a,443.965,2.8,6.00 (18) 10−3
Eu-152,13.522 (16) a,778.9045,12.97,1.90 (6) 10−3
Eu-152,13.522 (16) a,867.38,4.243,3.5 (1) 10−3
Eu-152,13.522 (16) a,964.079,14.5,2.70 (8) 10−3
Eu-152,13.522 (16) a,1085.837,10.13,2.10 (6) 10−3
Eu-152,13.522 (16) a,1089.737,1.73,2.30 (7) 10−3
Eu-152,13.522 (16) a,1112.076,13.41,2.00 (6) 10−3
Eu-152,13.522 (16) a,1212.948,1.416,7.00 (21) 10−4
Eu-152,13.522 (16) a,1299.142,1.633,7.00 (21) 10−4
Eu-152,13.522 (16) a,1408.013,20.85,6.00 (18) 10−4
Gd-153,240.4 (10) d,69.673,2.42,5.31 (8)
Gd-153,240.4 (10) d,97.431,29.0,0.305 (5)
Gd-153,240.4 (10) d,103.18012,21.1,1.694 (24)
Sm-153,1.92855 (5) d,69.673,4.691,5.28 (16)
Sm-153,1.92855 (5) d,103.18012,29.19,1.69 (5)
Eu-154,8.601 (4) a,123.0706,40.4,1.197 (19)
Eu-154,8.601 (4) a,247.9288,6.89,0.110 (2)
Eu-154,8.601 (4) a,591.755,4.95,3.29 (10) 10−3
Eu-154,8.601 (4) a,692.4205,1.79,4.9 (6) 10−2
Eu-154,8.601 (4) a,723.3014,20.05,2.15 (5) 10−3
Eu-154,8.601 (4) a,756.802,4.53,5.1 (12) 10−3
Eu-154,8.601 (4) a,873.1834,12.17,3.73 (8) 10−3
Eu-154,8.601 (4) a,996.25,10.5,2.79 (6) 10−3
Eu-154,8.601 (4) a,1004.718,17.86,2.76 (6) 10−3
Eu-154,8.601 (4) a,1274.429,34.9,7.37 (15) 10−4
Eu-154,8.601 (4) a,1596.4804,1.783,4.9 (1) 10−4
Eu-155,4.753 (14) a,45.299,1.31,0.443 (11)
Eu-155,4.753 (14) a,60.0086,1.22,9.48 (11)
Eu-155,4.753 (14) a,86.5479,30.7,0.432 (7)
Eu-155,4.753 (14) a,105.3083,21.1,0.255 (3)
Gd-159,18.479 (7) h,58.0,2.49,11.1 (3)
Gd-159,18.479 (7) h,363.543,11.78,1.04 (3) 10−2
Ho-166,26.795 (29) h,80.5725,6.55,6.90 (14)
Ho-166m,1132.6 (39) a⁎⁎⁎,80.5725,12.66,6.90 (14)
Ho-166m,1132.6 (39) a⁎⁎⁎,184.4107,72.5,0.334 (7)
Ho-166m,1132.6 (39) a⁎⁎⁎,215.871,2.66,0.197 (4)
Ho-166m,1132.6 (39) a⁎⁎⁎,259.736,1.078,0.1087 (22)
Ho-166m,1132.6 (39) a⁎⁎⁎,280.463,29.54,8.55 (17) 10−2
Ho-166m,1132.6 (39) a⁎⁎⁎,300.741,3.73,6.91 (14) 10−2
Ho-166m,1132.6 (39) a⁎⁎⁎,365.768,2.46,3.88 (8) 10−2
Ho-166m,1132.6 (39) a⁎⁎⁎,410.956,11.35,8.78 (26) 10−3
Ho-166m,1132.6 (39) a⁎⁎⁎,451.54,2.915,7.07 (21) 10−3
Ho-166m,1132.6 (39) a⁎⁎⁎,464.798,1.25,2.01 (6) 10−2
Ho-166m,1132.6 (39) a⁎⁎⁎,529.825,9.4,1.44 (3) 10−2
Ho-166m,1132.6 (39) a⁎⁎⁎,570.995,5.43,4.21 (13) 10−3
Ho-166m,1132.6 (39) a⁎⁎⁎,611.579,1.31,3.64 (11) 10−3
Ho-166m,1132.6 (39) a⁎⁎⁎,670.526,5.34,8.16 (24) 10−3
Ho-166m,1132.6 (39) a⁎⁎⁎,691.253,1.32,7.58 (23) 10−3
Ho-166m,1132.6 (39) a⁎⁎⁎,711.697,54.9,2.66 (8) 10−3
Ho-166m,1132.6 (39) a⁎⁎⁎,752.28,12.2,2.38 (7) 10−3
Ho-166m,1132.6 (39) a⁎⁎⁎,778.827,3.01,5.79 (17) 10−3
Ho-166m,1132.6 (39) a⁎⁎⁎,810.286,57.3,5.3 (1) 10−3
Ho-166m,1132.6 (39) a⁎⁎⁎,830.565,9.72,5.03 (15) 10−3
Ho-166m,1132.6 (39) a⁎⁎⁎,950.988,2.744,3.76 (11) 10−3
Yb-169,32.018 (5) d,63.12044,44.05,1.11 (4)
Yb-169,32.018 (5) d,93.61447,2.571,3.89 (12)
Yb-169,32.018 (5) d,109.77924,17.36,2.45 (4)
Yb-169,32.018 (5) d,118.1894,1.87,1.66 (5)
Yb-169,32.018 (5) d,130.52293,11.38,1.15 (4)
Yb-169,32.018 (5) d,177.21307,22.32,0.590 (9)
Yb-169,32.018 (5) d,197.95675,35.93,0.448 (7)
Yb-169,32.018 (5) d,261.07712,1.687,2.83 (9) 10−2
Yb-169,32.018 (5) d,307.73757,10.046,6.66 (20) 10−2
Tm-170,127.8 (6) d,84.25474,2.48,6.39 (10)
Lu-176,37.6 (7) 109 a,88.36,14.8,5.77 (8)
Lu-176,37.6 (7) 109 a,201.83,78.2,0.279 (4)
Lu-176,37.6 (7) 109 a,306.84,93.11,7.41 (11) 10−2
Lu-177,6.647 (4) d,112.9498,6.22,2.272 (5)
Lu-177,6.647 (4) d,208.3662,10.37,6.8 (5) 10−2
Ta-178,9.31 (3) min,93.13,6.6,4.67 (5)
Ta-178,9.31 (3) min,511.0,2.2,<NA>
Ta-178,9.31 (3) min,1340.85,1.0,0.00232
Ta-178,9.31 (3) min,1350.55,1.2,0.00229
Ta-182,114.61 (13) d,65.72215,2.97,2.92 (20)
Ta-182,114.61 (13) d,67.7497,43.6,0.22 (3)
Ta-182,114.61 (13) d,84.68024,2.62,7.66 (11)
Ta-182,114.61 (13) d,100.10595,14.22,3.89 (6)
Ta-182,114.61 (13) d,113.6717,1.869,3.19 (5)
Ta-182,114.61 (13) d,152.42991,7.01,0.1258 (18)
Ta-182,114.61 (13) d,156.3864,2.662,0.1177 (17)
Ta-182,114.61 (13) d,179.39381,3.099,0.63 (7)
Ta-182,114.61 (13) d,198.35187,1.461,0.317 (5)
Ta-182,114.61 (13) d,222.1085,7.54,4.80 (7) 10−2
Ta-182,114.61 (13) d,229.3207,3.634,0.196 (3)
Ta-182,114.61 (13) d,264.074,3.602,0.1254 (18)
Ta-182,114.61 (13) d,1001.6856,2.07,4.55 (8) 10−3
Ta-182,114.61 (13) d,1121.29,35.17,3.60 (5) 10−3
Ta-182,114.61 (13) d,1189.04,16.58,4.567 (41) 10−3
Ta-182,114.61 (13) d,1221.395,27.27,3.05 (5) 10−3
Ta-182,114.61 (13) d,1231.004,11.62,3.01 (5) 10−3
Ta-182,114.61 (13) d,1257.407,1.511,2.89 (4) 10−3
Ta-182,114.61 (13) d,1289.145,1.374,1.231 (18) 10−2
Re-186,3.7186 (17) d,137.157,9.42,1.290 (39)
Re-188,17.005 (4) h,155.041,15.2,0.820 (25)
Re-188,17.005 (4) h,477.992,1.02,2.60 (8) 10−2
Re-188,17.005 (4) h,632.981,1.28,1.32 (4) 10−2
Ir-192,73.827 (13) d,205.7943,3.34,0.305 (9)
Ir-192,73.827 (13) d,295.9565,28.72,0.106 (3)
Ir-192,73.827 (13) d,308.45507,29.68,9.6 (3) 10−2
Ir-192,73.827 (13) d,316.50618,82.75,8.49 (25) 10−2
Ir-192,73.827 (13) d,468.0688,47.81,2.95 (9) 10−2
Ir-192,73.827 (13) d,484.5751,3.189,2.63 (8) 10−2
Ir-192,73.827 (13) d,588.581,4.517,1.70 (5) 10−2
Ir-192,73.827 (13) d,604.41105,8.2,2.66 (8) 10−2
Ir-192,73.827 (13) d,612.4621,5.34,1.55 (5) 10−2
Ir-194,19.3 (1) h,293.541,2.5,0.107 (3)
Ir-194,19.3 (1) h,328.448,13.1,7.6 (2) 10−2
Ir-194,19.3 (1) h,645.146,1.18,1.38 (4) 10−2
Au-195,184.7 (14) d,98.882,11.21,6.86 (10)
Au-198,2.6944 (8) d,411.80205,95.54,4.47 (5) 10−2
Tl-201,3.0421 (17) d,135.312,2.604,3.45 (10)
Tl-201,3.0421 (17) d,167.45,10.0,1.89 (8)
Hg-203,46.594 (12) d,279.1952,81.61,0.2261 (8)
Pb-203,51.929 (10) h,279.1952,80.94,0.2261 (8)
Pb-203,51.929 (10) h,401.32,3.43,0.1784 (25)
Hg-206,8.32 (7) min,304.896,26.0,0.375 (6)
Hg-206,8.32 (7) min,649.42,2.2,5.01 (7) 10−2
Bi-207,32.9 (14) a,569.698,97.76,2.16 (3) 10−2
Bi-207,32.9 (14) a,1063.656,74.58,1.278 (24) 10-1
Bi-207,32.9 (14) a,1770.228,6.871,4.42 (7) 10−3
Tl-208,3.058 (6) min,277.37,6.6,0.529 (8)
Tl-208,3.058 (6) min,510.74,22.5,0.1019 (16)
Tl-208,3.058 (6) min,583.187,85.0,2.05 (3) 10−2
Tl-208,3.058 (6) min,763.45,1.8,3.54 (5) 10−2
Tl-208,3.058 (6) min,860.53,12.4,2.62 (4) 10−2
Tl-208,3.058 (6) min,2614.511,99.755,2.46 (4) 10−3
Tl-209,2.161 (7) min,117.224,77.22,0.295 (5)
Tl-209,2.161 (7) min,465.128,96.62,3.50 (5) 10−2
Tl-209,2.161 (7) min,1566.93,99.707,2.94 (5) 10−3
Pb-210,22.23 (12) a,46.539,4.252,17.86 (25)
Tl-210,1.30 (3) min,83.0,1.98,14
Tl-210,1.30 (3) min,97.0,4.0,9
Tl-210,1.30 (3) min,296.0,79.0,0.120 (5)
Tl-210,1.30 (3) min,356.0,4.0,0.270 (22)
Tl-210,1.30 (3) min,382.0,3.0,0.223 (17)
Tl-210,1.30 (3) min,480.0,2.0,<NA>
Tl-210,1.30 (3) min,670.0,2.0,<NA>
Tl-210,1.30 (3) min,799.6,98.969,1.042 (31) 10−2
Tl-210,1.30 (3) min,860.0,6.9,<NA>
Tl-210,1.30 (3) min,910.0,3.0,<NA>
Tl-210,1.30 (3) min,1070.0,11.9,2.22 (7) 10−3
Tl-210,1.30 (3) min,1110.0,6.9,<NA>
Tl-210,1.30 (3) min,1210.0,16.8,<NA>
Tl-210,1.30 (3) min,1310.0,20.8,<NA>
Tl-210,1.30 (3) min,1410.0,4.9,<NA>
Tl-210,1.30 (3) min,1490.0,2.0,<NA>
Tl-210,1.30 (3) min,1540.0,2.0,<NA>
Tl-210,1.30 (3) min,1590.0,2.0,<NA>
Tl-210,1.30 (3) min,1650.0,2.0,<NA>
Tl-210,1.30 (3) min,2010.0,6.9,<NA>
Tl-210,1.30 (3) min,2090.0,4.9,<NA>
Tl-210,1.30 (3) min,2280.0,3.0,<NA>
Tl-210,1.30 (3) min,2360.0,7.9,<NA>
Tl-210,1.30 (3) min,2430.0,8.9,<NA>
Bi-211,2.15 (2) min,351.03,13.0,0.243 (4)
Pb-211,36.1 (2) min,404.834,3.83,0.122 (8)
Pb-211,36.1 (2) min,427.15,1.81,0.1783 (25)
Pb-211,36.1 (2) min,831.984,3.5,2.8 (3) 10−2
Bi-212,60.54 (6) min,39.858,1.07,23.3 (4)
Bi-212,60.54 (6) min,727.33,6.65,1.393 (20) 10−2
Bi-212,60.54 (6) min,785.37,1.11,3.87 (6) 10−2
Bi-212,60.54 (6) min,1620.738,1.51,6.20 (9) 10−3
Pb-212,10.64 (1) h,238.632,43.6,0.872 (13)
Pb-212,10.64 (1) h,300.089,3.18,0.464 (7)
Bi-213,45.59 (6) min,440.44,26.1,0.179 (3)
Bi-214,19.8 (1) min,609.312,45.49,2.04 (3) 10−2
Bi-214,19.8 (1) min,665.453,1.53,5.79 (9) 10−3
Bi-214,19.8 (1) min,768.356,4.892,1.57 (21) 10−2
Bi-214,19.8 (1) min,806.174,1.262,1.127 (16) 10−2
Bi-214,19.8 (1) min,934.061,3.1,2.34 (10) 10−2
Bi-214,19.8 (1) min,1120.287,14.91,1.522 (23) 10−2
Bi-214,19.8 (1) min,1155.19,1.635,1.35 (4) 10−2
Bi-214,19.8 (1) min,1238.111,5.831,1.200 (17) 10−2
Bi-214,19.8 (1) min,1280.96,1.435,1.101 (16) 10−2
Bi-214,19.8 (1) min,1377.669,3.968,4.04 (6) 10−3
Bi-214,19.8 (1) min,1401.5,1.33,5.3 (9) 10−3
Bi-214,19.8 (1) min,1407.98,2.389,3.89 (6) 10−3
Bi-214,19.8 (1) min,1509.228,2.128,7.32 (11) 10−3
Bi-214,19.8 (1) min,1661.28,1.048,2.96 (5) 10−3
Bi-214,19.8 (1) min,1729.595,2.844,2.78 (4) 10−3
Bi-214,19.8 (1) min,1764.494,15.31,5.11 (8) 10−3
Bi-214,19.8 (1) min,1847.42,2.025,<NA>
Bi-214,19.8 (1) min,2118.55,1.158,3.56 (5) 10−3
Bi-214,19.8 (1) min,2204.21,4.913,3.33 (5) 10−3
Bi-214,19.8 (1) min,2447.86,1.548,1.424 (20) 10−3
Pb-214,26.916 (44) min,53.2275,1.06,12.88 (39)
Pb-214,26.916 (44) min,241.997,7.268,0.888 (27)
Pb-214,26.916 (44) min,295.224,18.414,0.482 (14)
Pb-214,26.916 (44) min,351.932,35.6,0.319 (10)
Pb-214,26.916 (44) min,785.96,1.064,4.10 (12) 10−3
Bi-215,7.6 (2) min,271.228,1.95,0.201 (7)
Bi-215,7.6 (2) min,293.56,23.8,0.34 (5)
Bi-215,7.6 (2) min,517.6,1.02,7.3 (10) 10−2
Bi-215,7.6 (2) min,1105.2,1.5,<NA>
Rn-219,3.98 (3) s,271.228,11.07,0.201 (7)
Rn-219,3.98 (3) s,401.81,6.75,5.55 (8) 10−2
Fr-221,4.79 (2) min,218.12,11.42,0.367 (5)
Fr-223,22.00 (7) min,20.27,1.4,7.76 (22)
Fr-223,22.00 (7) min,49.8,2.5,0.708 (10)
Fr-223,22.00 (7) min,50.1,33.0,0.696 (10)
Fr-223,22.00 (7) min,79.65,9.0,0.202 (3)
Fr-223,22.00 (7) min,234.7,2.7,1.393 (16)
Ra-223,11.43 (3) d,122.319,1.238,7.34 (11)
Ra-223,11.43 (3) d,144.27,3.36,4.59 (7)
Ra-223,11.43 (3) d,154.208,5.84,3.83 (6)
Ra-223,11.43 (3) d,269.463,14.23,0.789 (14)
Ra-223,11.43 (3) d,323.871,4.06,0.473 (17)
Ra-223,11.43 (3) d,338.282,2.85,0.430 (6)
Ra-223,11.43 (3) d,445.033,1.28,0.205 (3)
Ra-224,3.631 (2) d,240.986,4.12,0.276 (4)
Ac-225,10.0 (1) d,99.89,1.08,0.1073 (15)
Ra-225,14.82 (19) d,40.09,30.0,1.293 (19)
Ra-226,1600 (7) a,186.211,3.555,0.677 (10)
Ac-228,6.15 (3) h,99.505,1.26,3.84 (6)
Ac-228,6.15 (3) h,129.065,2.5,3.74 (6)
Ac-228,6.15 (3) h,209.248,3.97,8.48 (12) 10−2
Ac-228,6.15 (3) h,270.245,3.55,4.70 (7) 10−2
Ac-228,6.15 (3) h,328.004,3.04,3.05 (5) 10−2
Ac-228,6.15 (3) h,338.32,11.4,2.85 (4) 10−2
Ac-228,6.15 (3) h,409.46,2.02,0.21 (15)
Ac-228,6.15 (3) h,463.002,4.45,5.14 (8) 10−2
Ac-228,6.15 (3) h,755.313,1.03,7.0 (1) 10−2
Ac-228,6.15 (3) h,772.291,1.52,2.44 (14) 10−2
Ac-228,6.15 (3) h,794.942,4.31,1.79 (14) 10−2
Ac-228,6.15 (3) h,835.704,1.7,1.415 (20) 10−2
Ac-228,6.15 (3) h,911.196,26.2,1.194 (17) 10−2
Ac-228,6.15 (3) h,964.786,4.99,1.119 (23) 10−2
Ac-228,6.15 (3) h,968.96,15.9,1.061 (15) 10−2
Ac-228,6.15 (3) h,1588.2,3.06,7 (3) 10−3
Ac-228,6.15 (3) h,1630.618,1.52,7 (3) 10−3
Ra-228,5.75 (4) a,13.52,1.6,5.86 (10)
Th-228,698.55 (32) d,84.373,1.19,21.2 (3)
Pa-231,32670 (260) a,27.37,10.8,4.5 (6)
Pa-231,32670 (260) a,283.69,1.65,4.10 (6) 10−2
Pa-231,32670 (260) a,300.06,2.41,0.764 (17)
Pa-231,32670 (260) a,302.67,2.3,3.55 (5) 10−2
Pa-231,32670 (260) a,330.04,1.36,0.541 (19)
Th-231,25.52 (1) h,25.64,13.9,4.37 (7)
Th-231,25.52 (1) h,84.214,6.7,2.50 (25)
Th-231,25.52 (1) h,89.95,1.01,0.1598 (22)
Pa-233,26.98 (2) d,75.269,1.3,11.4 (12)
Pa-233,26.98 (2) d,86.595,1.99,7.08 (14)
Pa-233,26.98 (2) d,300.129,6.6,0.87 (2)
Pa-233,26.98 (2) d,311.904,38.3,0.80 (2)
Pa-233,26.98 (2) d,340.476,4.47,0.62 (2)
Pa-233,26.98 (2) d,398.492,1.408,8.35 (17) 10−2
Pa-233,26.98 (2) d,415.764,1.747,0.13 (8)
Th-233,22.15 (8) min,29.373,2.17,3.07 (6)
Th-233,22.15 (8) min,86.477,1.843,1.43 (8)
Pa-234,6.70 (5) h,62.7,1.6,0.426 (6)
Pa-234,6.70 (5) h,99.86,3.2,13.42 (19)
Pa-234,6.70 (5) h,131.3,18.2,0.265 (4)
Pa-234,6.70 (5) h,152.71,6.0,2.14 (3)
Pa-234,6.70 (5) h,186.15,1.78,3.79 (6)
Pa-234,6.70 (5) h,203.12,1.24,1.4 (4)
Pa-234,6.70 (5) h,226.5,4.9,1.3 (3)
Pa-234,6.70 (5) h,227.25,5.8,2.17 (3)
Pa-234,6.70 (5) h,249.22,2.5,5.94 (9) 10−2
Pa-234,6.70 (5) h,272.28,1.09,1.004 (14)
Pa-234,6.70 (5) h,293.79,3.0,0.42 (10)
Pa-234,6.70 (5) h,369.5,2.5,0.565 (8)
Pa-234,6.70 (5) h,372.0,1.23,0.517 (8)
Pa-234,6.70 (5) h,458.68,1.14,0.14 (5)
Pa-234,6.70 (5) h,506.75,1.3,1.314 (19) 10−2
Pa-234,6.70 (5) h,565.2,1.04,0.179 (3)
Pa-234,6.70 (5) h,568.9,3.6,0.1759 (25)
Pa-234,6.70 (5) h,569.5,9.3,0.1754 (25)
Pa-234,6.70 (5) h,666.5,1.18,7.77 (11) 10−3
Pa-234,6.70 (5) h,669.7,1.0,7.70 (11) 10−3
Pa-234,6.70 (5) h,692.6,1.25,0.1040 (15)
Pa-234,6.70 (5) h,699.03,3.6,<NA>
Pa-234,6.70 (5) h,705.9,2.29,6.98 (10) 10−3
Pa-234,6.70 (5) h,733.39,7.0,8.93 (13) 10−2
Pa-234,6.70 (5) h,738.0,1.16,8.78 (13) 10−2
Pa-234,6.70 (5) h,742.813,2.08,6.36 (9) 10−3
Pa-234,6.70 (5) h,755.0,1.23,5 (4) 10−2
Pa-234,6.70 (5) h,786.272,1.21,5.73 (8) 10−3
Pa-234,6.70 (5) h,796.1,2.6,1.730 (25) 10−2
Pa-234,6.70 (5) h,805.8,2.5,5.49 (8) 10−3
Pa-234,6.70 (5) h,819.2,1.9,5.33 (8) 10−3
Pa-234,6.70 (5) h,824.2,1.25,<NA>
Pa-234,6.70 (5) h,825.1,1.9,1.611 (23) 10−2
Pa-234,6.70 (5) h,831.5,4.2,5.18 (8) 10−3
Pa-234,6.70 (5) h,876.0,2.55,1.432 (20) 10−2
Pa-234,6.70 (5) h,880.52,6.2,1.418 (20) 10−2
Pa-234,6.70 (5) h,880.52,4.3,4.68 (7) 10−3
Pa-234,6.70 (5) h,883.24,9.7,1.409 (20) 10−2
Pa-234,6.70 (5) h,898.67,3.3,4.51 (7) 10−3
Pa-234,6.70 (5) h,925.0,7.9,1.288 (18) 10−2
Pa-234,6.70 (5) h,926.0,1.8,4.28 (6) 10−3
Pa-234,6.70 (5) h,926.7,7.3,1.284 (18) 10−2
Pa-234,6.70 (5) h,946.0,13.5,4.12 (6) 10−3
Pa-234,6.70 (5) h,947.7,1.63,1.230 (18) 10−2
Pa-234,6.70 (5) h,980.3,2.7,3.87 (6) 10−3
Pa-234,6.70 (5) h,980.3,1.77,1.152 (17) 10−2
Pa-234,6.70 (5) h,984.2,1.63,3.85 (6) 10−3
Pa-234,6.70 (5) h,1352.9,1.16,1.766 (25) 10−2
Pa-234,6.70 (5) h,1393.9,2.08,1.634 (23) 10−2
Th-234,24.10 (3) d,63.3,3.75,0.405 (6)
Th-234,24.10 (3) d,92.38,2.18,5.27 (8)
Th-234,24.10 (3) d,92.8,2.15,0.1472 (21)
U-235,704 (1) 106 a,109.19,1.66,9.32 (14) 10−2
U-235,704 (1) 106 a,143.767,10.94,0.207 (3)
U-235,704 (1) 106 a,163.356,5.08,0.1526 (22)
U-235,704 (1) 106 a,185.72,57.0,0.1124 (16)
U-235,704 (1) 106 a,202.12,1.08,2.53 (4)
U-235,704 (1) 106 a,205.316,5.02,8.87 (13) 10−2
Np-236,1.55 (8) 105 a,104.234,7.32,10.99 (22)
Np-236,1.55 (8) 105 a,158.35,3.8,2.14 (4)
Np-236,1.55 (8) 105 a,160.307,31.8,1.76 (4)
Np-236m,22.5 (4) h,642.35,1.08,0.15 (2)
Np-237,2.144 (7) 106 a,29.374,14.3,3.07 (6)
Np-237,2.144 (7) 106 a,86.477,12.26,1.43 (8)
U-237,6.749 (16) d,26.34463,2.43,8 (2)
U-237,6.749 (16) d,59.54091,34.1,1.16 (7)
U-237,6.749 (16) d,64.83,1.286,0.400 (8)
U-237,6.749 (16) d,164.61,1.86,1.70 (4)
U-237,6.749 (16) d,208.0,21.3,2.98 (7)
U-237,6.749 (16) d,332.376,1.199,0.146 (3)
Np-238,2.102 (5) d,923.99,2.604,1.4 (1) 10−2
Np-238,2.102 (5) d,984.45,25.18,1.25 (5) 10−2
Np-238,2.102 (5) d,1025.87,8.76,1.20 (5) 10−2
Np-238,2.102 (5) d,1028.54,18.25,1.17 (2) 10−2
Np-239,2.356 (3) d,61.46,1.29,0.473 (10)
Np-239,2.356 (3) d,106.125,25.9,0.26 (3)
Np-239,2.356 (3) d,209.753,3.42,2.94 (6)
Np-239,2.356 (3) d,228.183,11.32,2.41 (8)
Np-239,2.356 (3) d,277.599,14.4,1.42 (6)
Np-239,2.356 (3) d,315.88,1.59,3.72 (8) 10−2
Np-239,2.356 (3) d,334.31,2.04,3.29 (7) 10−2
U-239,23.46 (5) min,43.533,4.35,1.14 (3)
U-239,23.46 (5) min,74.664,51.6,0.276 (6)
Am-241,432.6 (6) a,26.3446,2.31,8 (2)
Am-241,432.6 (6) a,59.5409,35.92,1.16 (7)
Am-243,7367 (23) a,43.53,5.89,1.143 (16)
Am-243,7367 (23) a,74.66,67.2,0.276 (4)
Cm-243,28.9 (4) a,209.753,3.29,3.24 (5)
Cm-243,28.9 (4) a,228.183,10.6,2.56 (4)
Cm-243,28.9 (4) a,277.599,14.0,1.448 (21)
Am-244,10.1 (1) h,99.383,5.0,19.3 (3)
Am-244,10.1 (1) h,153.863,19.0,2.81 (4)
Am-244,10.1 (1) h,743.977,66.0,7.7 (5) 10−2
Am-244,10.1 (1) h,897.84,28.0,1.697 (24) 10−2
Cm-245,8250 (70) a,133.081,2.81,11.36 (17)
Cm-245,8250 (70) a,175.0523,9.83,5.21 (8)
